id,country,kode_provinsi,nama_provinsi,kode_kabupaten_kota,nama_kabupaten_kota,longitude,latitude,jenis_wisatawan,jumlah_pengunjung,satuan,tahun
114,INDONESIA,32,JAWA BARAT,3204,KABUPATEN BANDUNG,-6.969787645827719,107.67521232346577,NUSANTARA,5583468,ORANG,2016
167,INDONESIA,32,JAWA BARAT,3204,KABUPATEN BANDUNG,-6.969787645827719,107.67521232346577,MANCANEGARA,578321,ORANG,2017
168,INDONESIA,32,JAWA BARAT,3204,KABUPATEN BANDUNG,-6.969787645827719,107.67521232346577,NUSANTARA,3385860,ORANG,2017
113,INDONESIA,32,JAWA BARAT,3204,KABUPATEN BANDUNG,-6.969787645827719,107.67521232346577,MANCANEGARA,867000,ORANG,2016
248,INDONESIA,32,JAWA BARAT,3204,KABUPATEN BANDUNG,-6.969787645827719,107.67521232346577,MANCANEGARA,4506,ORANG,2019
60,INDONESIA,32,JAWA BARAT,3204,KABUPATEN BANDUNG,-6.969787645827719,107.67521232346577,NUSANTARA,5583468,ORANG,2015
59,INDONESIA,32,JAWA BARAT,3204,KABUPATEN BANDUNG,-6.969787645827719,107.67521232346577,MANCANEGARA,62101,ORANG,2015
303,INDONESIA,32,JAWA BARAT,3204,KABUPATEN BANDUNG,-6.969787645827719,107.67521232346577,NUSANTARA,1270937,ORANG,2020
249,INDONESIA,32,JAWA BARAT,3204,KABUPATEN BANDUNG,-6.969787645827719,107.67521232346577,NUSANTARA,2485755,ORANG,2019
8,INDONESIA,32,JAWA BARAT,3204,KABUPATEN BANDUNG,-6.969787645827719,107.67521232346577,NUSANTARA,5583468,ORANG,2014
7,INDONESIA,32,JAWA BARAT,3204,KABUPATEN BANDUNG,-6.969787645827719,107.67521232346577,MANCANEGARA,62101,ORANG,2014
218,INDONESIA,32,JAWA BARAT,3204,KABUPATEN BANDUNG,-6.969787645827719,107.67521232346577,NUSANTARA,1900000,ORANG,2018
302,INDONESIA,32,JAWA BARAT,3204,KABUPATEN BANDUNG,-6.969787645827719,107.67521232346577,MANCANEGARA,3089,ORANG,2020
275,INDONESIA,32,JAWA BARAT,3217,KABUPATEN BANDUNG BARAT,-6.829625000000013,107.49160799999999,NUSANTARA,5339819,ORANG,2019
274,INDONESIA,32,JAWA BARAT,3217,KABUPATEN BANDUNG BARAT,-6.829625000000013,107.49160799999999,MANCANEGARA,100339,ORANG,2019
329,INDONESIA,32,JAWA BARAT,3217,KABUPATEN BANDUNG BARAT,-6.829625000000013,107.49160799999999,NUSANTARA,3440529,ORANG,2020
231,INDONESIA,32,JAWA BARAT,3217,KABUPATEN BANDUNG BARAT,-6.829625000000013,107.49160799999999,NUSANTARA,13701916,ORANG,2018
328,INDONESIA,32,JAWA BARAT,3217,KABUPATEN BANDUNG BARAT,-6.829625000000013,107.49160799999999,MANCANEGARA,23431,ORANG,2020
33,INDONESIA,32,JAWA BARAT,3217,KABUPATEN BANDUNG BARAT,-6.829625000000013,107.49160799999999,MANCANEGARA,278027,ORANG,2014
86,INDONESIA,32,JAWA BARAT,3217,KABUPATEN BANDUNG BARAT,-6.829625000000013,107.49160799999999,NUSANTARA,1278179,ORANG,2015
140,INDONESIA,32,JAWA BARAT,3217,KABUPATEN BANDUNG BARAT,-6.829625000000013,107.49160799999999,NUSANTARA,1289657,ORANG,2016
139,INDONESIA,32,JAWA BARAT,3217,KABUPATEN BANDUNG BARAT,-6.829625000000013,107.49160799999999,MANCANEGARA,278027,ORANG,2016
194,INDONESIA,32,JAWA BARAT,3217,KABUPATEN BANDUNG BARAT,-6.829625000000013,107.49160799999999,NUSANTARA,1405920,ORANG,2017
34,INDONESIA,32,JAWA BARAT,3217,KABUPATEN BANDUNG BARAT,-6.829625000000013,107.49160799999999,NUSANTARA,1278179,ORANG,2014
193,INDONESIA,32,JAWA BARAT,3217,KABUPATEN BANDUNG BARAT,-6.829625000000013,107.49160799999999,MANCANEGARA,480531,ORANG,2017
85,INDONESIA,32,JAWA BARAT,3217,KABUPATEN BANDUNG BARAT,-6.829625000000013,107.49160799999999,MANCANEGARA,278027,ORANG,2015
31,INDONESIA,32,JAWA BARAT,3216,KABUPATEN BEKASI,-6.263427999999985,107.04666100000001,MANCANEGARA,0,ORANG,2014
32,INDONESIA,32,JAWA BARAT,3216,KABUPATEN BEKASI,-6.263427999999985,107.04666100000001,NUSANTARA,49740,ORANG,2014
83,INDONESIA,32,JAWA BARAT,3216,KABUPATEN BEKASI,-6.263427999999985,107.04666100000001,MANCANEGARA,0,ORANG,2015
273,INDONESIA,32,JAWA BARAT,3216,KABUPATEN BEKASI,-6.263427999999985,107.04666100000001,NUSANTARA,11679,ORANG,2019
230,INDONESIA,32,JAWA BARAT,3216,KABUPATEN BEKASI,-6.263427999999985,107.04666100000001,NUSANTARA,45274,ORANG,2018
84,INDONESIA,32,JAWA BARAT,3216,KABUPATEN BEKASI,-6.263427999999985,107.04666100000001,NUSANTARA,49740,ORANG,2015
191,INDONESIA,32,JAWA BARAT,3216,KABUPATEN BEKASI,-6.263427999999985,107.04666100000001,MANCANEGARA,0,ORANG,2017
192,INDONESIA,32,JAWA BARAT,3216,KABUPATEN BEKASI,-6.263427999999985,107.04666100000001,NUSANTARA,49740,ORANG,2017
326,INDONESIA,32,JAWA BARAT,3216,KABUPATEN BEKASI,-6.263427999999985,107.04666100000001,MANCANEGARA,0,ORANG,2020
327,INDONESIA,32,JAWA BARAT,3216,KABUPATEN BEKASI,-6.263427999999985,107.04666100000001,NUSANTARA,127500,ORANG,2020
138,INDONESIA,32,JAWA BARAT,3216,KABUPATEN BEKASI,-6.263427999999985,107.04666100000001,NUSANTARA,49740,ORANG,2016
137,INDONESIA,32,JAWA BARAT,3216,KABUPATEN BEKASI,-6.263427999999985,107.04666100000001,MANCANEGARA,0,ORANG,2016
272,INDONESIA,32,JAWA BARAT,3216,KABUPATEN BEKASI,-6.263427999999985,107.04666100000001,MANCANEGARA,3,ORANG,2019
53,INDONESIA,32,JAWA BARAT,3201,KABUPATEN BOGOR,-6.562295999999995,106.72805799999999,MANCANEGARA,228913,ORANG,2015
242,INDONESIA,32,JAWA BARAT,3201,KABUPATEN BOGOR,-6.562295999999995,106.72805799999999,MANCANEGARA,26264,ORANG,2019
108,INDONESIA,32,JAWA BARAT,3201,KABUPATEN BOGOR,-6.562295999999995,106.72805799999999,NUSANTARA,4955079,ORANG,2016
107,INDONESIA,32,JAWA BARAT,3201,KABUPATEN BOGOR,-6.562295999999995,106.72805799999999,MANCANEGARA,228913,ORANG,2016
243,INDONESIA,32,JAWA BARAT,3201,KABUPATEN BOGOR,-6.562295999999995,106.72805799999999,NUSANTARA,2670203,ORANG,2019
54,INDONESIA,32,JAWA BARAT,3201,KABUPATEN BOGOR,-6.562295999999995,106.72805799999999,NUSANTARA,4092150,ORANG,2015
1,INDONESIA,32,JAWA BARAT,3201,KABUPATEN BOGOR,-6.562295999999995,106.72805799999999,MANCANEGARA,54927,ORANG,2014
215,INDONESIA,32,JAWA BARAT,3201,KABUPATEN BOGOR,-6.562295999999995,106.72805799999999,NUSANTARA,4411967,ORANG,2018
296,INDONESIA,32,JAWA BARAT,3201,KABUPATEN BOGOR,-6.562295999999995,106.72805799999999,MANCANEGARA,0,ORANG,2020
2,INDONESIA,32,JAWA BARAT,3201,KABUPATEN BOGOR,-6.562295999999995,106.72805799999999,NUSANTARA,4075198,ORANG,2014
161,INDONESIA,32,JAWA BARAT,3201,KABUPATEN BOGOR,-6.562295999999995,106.72805799999999,MANCANEGARA,677858,ORANG,2017
162,INDONESIA,32,JAWA BARAT,3201,KABUPATEN BOGOR,-6.562295999999995,106.72805799999999,NUSANTARA,4411967,ORANG,2017
297,INDONESIA,32,JAWA BARAT,3201,KABUPATEN BOGOR,-6.562295999999995,106.72805799999999,NUSANTARA,28367,ORANG,2020
254,INDONESIA,32,JAWA BARAT,3207,KABUPATEN CIAMIS,-7.32705400000002,108.37738000000003,MANCANEGARA,35,ORANG,2019
65,INDONESIA,32,JAWA BARAT,3207,KABUPATEN CIAMIS,-7.32705400000002,108.37738000000003,MANCANEGARA,7,ORANG,2015
308,INDONESIA,32,JAWA BARAT,3207,KABUPATEN CIAMIS,-7.32705400000002,108.37738000000003,MANCANEGARA,2,ORANG,2020
173,INDONESIA,32,JAWA BARAT,3207,KABUPATEN CIAMIS,-7.32705400000002,108.37738000000003,MANCANEGARA,0,ORANG,2017
174,INDONESIA,32,JAWA BARAT,3207,KABUPATEN CIAMIS,-7.32705400000002,108.37738000000003,NUSANTARA,338310,ORANG,2017
66,INDONESIA,32,JAWA BARAT,3207,KABUPATEN CIAMIS,-7.32705400000002,108.37738000000003,NUSANTARA,169696,ORANG,2015
255,INDONESIA,32,JAWA BARAT,3207,KABUPATEN CIAMIS,-7.32705400000002,108.37738000000003,NUSANTARA,697782,ORANG,2019
119,INDONESIA,32,JAWA BARAT,3207,KABUPATEN CIAMIS,-7.32705400000002,108.37738000000003,MANCANEGARA,0,ORANG,2016
14,INDONESIA,32,JAWA BARAT,3207,KABUPATEN CIAMIS,-7.32705400000002,108.37738000000003,NUSANTARA,1074775,ORANG,2014
13,INDONESIA,32,JAWA BARAT,3207,KABUPATEN CIAMIS,-7.32705400000002,108.37738000000003,MANCANEGARA,6563,ORANG,2014
221,INDONESIA,32,JAWA BARAT,3207,KABUPATEN CIAMIS,-7.32705400000002,108.37738000000003,NUSANTARA,1347895,ORANG,2018
120,INDONESIA,32,JAWA BARAT,3207,KABUPATEN CIAMIS,-7.32705400000002,108.37738000000003,NUSANTARA,126022,ORANG,2016
309,INDONESIA,32,JAWA BARAT,3207,KABUPATEN CIAMIS,-7.32705400000002,108.37738000000003,NUSANTARA,616643,ORANG,2020
165,INDONESIA,32,JAWA BARAT,3203,KABUPATEN CIANJUR,-6.810385491505724,107.14118560999158,MANCANEGARA,287190,ORANG,2017
166,INDONESIA,32,JAWA BARAT,3203,KABUPATEN CIANJUR,-6.810385491505724,107.14118560999158,NUSANTARA,3614683,ORANG,2017
247,INDONESIA,32,JAWA BARAT,3203,KABUPATEN CIANJUR,-6.810385491505724,107.14118560999158,NUSANTARA,4312047,ORANG,2019
6,INDONESIA,32,JAWA BARAT,3203,KABUPATEN CIANJUR,-6.810385491505724,107.14118560999158,NUSANTARA,292919,ORANG,2014
5,INDONESIA,32,JAWA BARAT,3203,KABUPATEN CIANJUR,-6.810385491505724,107.14118560999158,MANCANEGARA,7824,ORANG,2014
246,INDONESIA,32,JAWA BARAT,3203,KABUPATEN CIANJUR,-6.810385491505724,107.14118560999158,MANCANEGARA,172140,ORANG,2019
217,INDONESIA,32,JAWA BARAT,3203,KABUPATEN CIANJUR,-6.810385491505724,107.14118560999158,NUSANTARA,8559255,ORANG,2018
57,INDONESIA,32,JAWA BARAT,3203,KABUPATEN CIANJUR,-6.810385491505724,107.14118560999158,MANCANEGARA,636,ORANG,2015
111,INDONESIA,32,JAWA BARAT,3203,KABUPATEN CIANJUR,-6.810385491505724,107.14118560999158,MANCANEGARA,12100,ORANG,2016
112,INDONESIA,32,JAWA BARAT,3203,KABUPATEN CIANJUR,-6.810385491505724,107.14118560999158,NUSANTARA,212095,ORANG,2016
300,INDONESIA,32,JAWA BARAT,3203,KABUPATEN CIANJUR,-6.810385491505724,107.14118560999158,MANCANEGARA,29461,ORANG,2020
301,INDONESIA,32,JAWA BARAT,3203,KABUPATEN CIANJUR,-6.810385491505724,107.14118560999158,NUSANTARA,1041740,ORANG,2020
58,INDONESIA,32,JAWA BARAT,3203,KABUPATEN CIANJUR,-6.810385491505724,107.14118560999158,NUSANTARA,771,ORANG,2015
259,INDONESIA,32,JAWA BARAT,3209,KABUPATEN CIREBON,-6.730075999999996,108.536682,NUSANTARA,260342,ORANG,2019
258,INDONESIA,32,JAWA BARAT,3209,KABUPATEN CIREBON,-6.730075999999996,108.536682,MANCANEGARA,15,ORANG,2019
223,INDONESIA,32,JAWA BARAT,3209,KABUPATEN CIREBON,-6.730075999999996,108.536682,NUSANTARA,1187576,ORANG,2018
17,INDONESIA,32,JAWA BARAT,3209,KABUPATEN CIREBON,-6.730075999999996,108.536682,MANCANEGARA,0,ORANG,2014
18,INDONESIA,32,JAWA BARAT,3209,KABUPATEN CIREBON,-6.730075999999996,108.536682,NUSANTARA,644224,ORANG,2014
70,INDONESIA,32,JAWA BARAT,3209,KABUPATEN CIREBON,-6.730075999999996,108.536682,NUSANTARA,644224,ORANG,2015
178,INDONESIA,32,JAWA BARAT,3209,KABUPATEN CIREBON,-6.730075999999996,108.536682,NUSANTARA,108463,ORANG,2017
177,INDONESIA,32,JAWA BARAT,3209,KABUPATEN CIREBON,-6.730075999999996,108.536682,MANCANEGARA,0,ORANG,2017
313,INDONESIA,32,JAWA BARAT,3209,KABUPATEN CIREBON,-6.730075999999996,108.536682,NUSANTARA,352426,ORANG,2020
312,INDONESIA,32,JAWA BARAT,3209,KABUPATEN CIREBON,-6.730075999999996,108.536682,MANCANEGARA,0,ORANG,2020
124,INDONESIA,32,JAWA BARAT,3209,KABUPATEN CIREBON,-6.730075999999996,108.536682,NUSANTARA,644224,ORANG,2016
123,INDONESIA,32,JAWA BARAT,3209,KABUPATEN CIREBON,-6.730075999999996,108.536682,MANCANEGARA,0,ORANG,2016
69,INDONESIA,32,JAWA BARAT,3209,KABUPATEN CIREBON,-6.730075999999996,108.536682,MANCANEGARA,0,ORANG,2015
115,INDONESIA,32,JAWA BARAT,3205,KABUPATEN GARUT,-7.253495999999989,107.902222,MANCANEGARA,4983,ORANG,2016
116,INDONESIA,32,JAWA BARAT,3205,KABUPATEN GARUT,-7.253495999999989,107.902222,NUSANTARA,671858,ORANG,2016
169,INDONESIA,32,JAWA BARAT,3205,KABUPATEN GARUT,-7.253495999999989,107.902222,MANCANEGARA,4934,ORANG,2017
170,INDONESIA,32,JAWA BARAT,3205,KABUPATEN GARUT,-7.253495999999989,107.902222,NUSANTARA,1650983,ORANG,2017
250,INDONESIA,32,JAWA BARAT,3205,KABUPATEN GARUT,-7.253495999999989,107.902222,MANCANEGARA,1275,ORANG,2019
305,INDONESIA,32,JAWA BARAT,3205,KABUPATEN GARUT,-7.253495999999989,107.902222,NUSANTARA,1907007,ORANG,2020
62,INDONESIA,32,JAWA BARAT,3205,KABUPATEN GARUT,-7.253495999999989,107.902222,NUSANTARA,1874222,ORANG,2015
61,INDONESIA,32,JAWA BARAT,3205,KABUPATEN GARUT,-7.253495999999989,107.902222,MANCANEGARA,4334,ORANG,2015
251,INDONESIA,32,JAWA BARAT,3205,KABUPATEN GARUT,-7.253495999999989,107.902222,NUSANTARA,2850534,ORANG,2019
304,INDONESIA,32,JAWA BARAT,3205,KABUPATEN GARUT,-7.253495999999989,107.902222,MANCANEGARA,94,ORANG,2020
10,INDONESIA,32,JAWA BARAT,3205,KABUPATEN GARUT,-7.253495999999989,107.902222,NUSANTARA,2248419,ORANG,2014
9,INDONESIA,32,JAWA BARAT,3205,KABUPATEN GARUT,-7.253495999999989,107.902222,MANCANEGARA,6344,ORANG,2014
219,INDONESIA,32,JAWA BARAT,3205,KABUPATEN GARUT,-7.253495999999989,107.902222,NUSANTARA,2719174,ORANG,2018
23,INDONESIA,32,JAWA BARAT,3212,KABUPATEN INDRAMAYU,-6.380812000000002,108.35266100000001,MANCANEGARA,0,ORANG,2014
318,INDONESIA,32,JAWA BARAT,3212,KABUPATEN INDRAMAYU,-6.380812000000002,108.35266100000001,MANCANEGARA,22,ORANG,2020
24,INDONESIA,32,JAWA BARAT,3212,KABUPATEN INDRAMAYU,-6.380812000000002,108.35266100000001,NUSANTARA,498362,ORANG,2014
264,INDONESIA,32,JAWA BARAT,3212,KABUPATEN INDRAMAYU,-6.380812000000002,108.35266100000001,MANCANEGARA,37,ORANG,2019
75,INDONESIA,32,JAWA BARAT,3212,KABUPATEN INDRAMAYU,-6.380812000000002,108.35266100000001,MANCANEGARA,0,ORANG,2015
76,INDONESIA,32,JAWA BARAT,3212,KABUPATEN INDRAMAYU,-6.380812000000002,108.35266100000001,NUSANTARA,498362,ORANG,2015
129,INDONESIA,32,JAWA BARAT,3212,KABUPATEN INDRAMAYU,-6.380812000000002,108.35266100000001,MANCANEGARA,0,ORANG,2016
130,INDONESIA,32,JAWA BARAT,3212,KABUPATEN INDRAMAYU,-6.380812000000002,108.35266100000001,NUSANTARA,111703,ORANG,2016
183,INDONESIA,32,JAWA BARAT,3212,KABUPATEN INDRAMAYU,-6.380812000000002,108.35266100000001,MANCANEGARA,0,ORANG,2017
184,INDONESIA,32,JAWA BARAT,3212,KABUPATEN INDRAMAYU,-6.380812000000002,108.35266100000001,NUSANTARA,318239,ORANG,2017
226,INDONESIA,32,JAWA BARAT,3212,KABUPATEN INDRAMAYU,-6.380812000000002,108.35266100000001,NUSANTARA,789742,ORANG,2018
319,INDONESIA,32,JAWA BARAT,3212,KABUPATEN INDRAMAYU,-6.380812000000002,108.35266100000001,NUSANTARA,210344,ORANG,2020
265,INDONESIA,32,JAWA BARAT,3212,KABUPATEN INDRAMAYU,-6.380812000000002,108.35266100000001,NUSANTARA,1430035,ORANG,2019
324,INDONESIA,32,JAWA BARAT,3215,KABUPATEN KARAWANG,-6.271618000000003,107.30896000000001,MANCANEGARA,92,ORANG,2020
325,INDONESIA,32,JAWA BARAT,3215,KABUPATEN KARAWANG,-6.271618000000003,107.30896000000001,NUSANTARA,1426983,ORANG,2020
29,INDONESIA,32,JAWA BARAT,3215,KABUPATEN KARAWANG,-6.271618000000003,107.30896000000001,MANCANEGARA,0,ORANG,2014
136,INDONESIA,32,JAWA BARAT,3215,KABUPATEN KARAWANG,-6.271618000000003,107.30896000000001,NUSANTARA,4574411,ORANG,2016
271,INDONESIA,32,JAWA BARAT,3215,KABUPATEN KARAWANG,-6.271618000000003,107.30896000000001,NUSANTARA,9452760,ORANG,2019
229,INDONESIA,32,JAWA BARAT,3215,KABUPATEN KARAWANG,-6.271618000000003,107.30896000000001,NUSANTARA,6390906,ORANG,2018
190,INDONESIA,32,JAWA BARAT,3215,KABUPATEN KARAWANG,-6.271618000000003,107.30896000000001,NUSANTARA,6390906,ORANG,2017
270,INDONESIA,32,JAWA BARAT,3215,KABUPATEN KARAWANG,-6.271618000000003,107.30896000000001,MANCANEGARA,1126,ORANG,2019
189,INDONESIA,32,JAWA BARAT,3215,KABUPATEN KARAWANG,-6.271618000000003,107.30896000000001,MANCANEGARA,6,ORANG,2017
82,INDONESIA,32,JAWA BARAT,3215,KABUPATEN KARAWANG,-6.271618000000003,107.30896000000001,NUSANTARA,4306641,ORANG,2015
135,INDONESIA,32,JAWA BARAT,3215,KABUPATEN KARAWANG,-6.271618000000003,107.30896000000001,MANCANEGARA,649,ORANG,2016
30,INDONESIA,32,JAWA BARAT,3215,KABUPATEN KARAWANG,-6.271618000000003,107.30896000000001,NUSANTARA,176750,ORANG,2014
81,INDONESIA,32,JAWA BARAT,3215,KABUPATEN KARAWANG,-6.271618000000003,107.30896000000001,MANCANEGARA,499,ORANG,2015
176,INDONESIA,32,JAWA BARAT,3208,KABUPATEN KUNINGAN,-6.976572260941974,108.49345822601352,NUSANTARA,197822,ORANG,2017
257,INDONESIA,32,JAWA BARAT,3208,KABUPATEN KUNINGAN,-6.976572260941974,108.49345822601352,NUSANTARA,358896,ORANG,2019
311,INDONESIA,32,JAWA BARAT,3208,KABUPATEN KUNINGAN,-6.976572260941974,108.49345822601352,NUSANTARA,1270547,ORANG,2020
310,INDONESIA,32,JAWA BARAT,3208,KABUPATEN KUNINGAN,-6.976572260941974,108.49345822601352,MANCANEGARA,27,ORANG,2020
256,INDONESIA,32,JAWA BARAT,3208,KABUPATEN KUNINGAN,-6.976572260941974,108.49345822601352,MANCANEGARA,15,ORANG,2019
222,INDONESIA,32,JAWA BARAT,3208,KABUPATEN KUNINGAN,-6.976572260941974,108.49345822601352,NUSANTARA,1974591,ORANG,2018
175,INDONESIA,32,JAWA BARAT,3208,KABUPATEN KUNINGAN,-6.976572260941974,108.49345822601352,MANCANEGARA,784,ORANG,2017
16,INDONESIA,32,JAWA BARAT,3208,KABUPATEN KUNINGAN,-6.976572260941974,108.49345822601352,NUSANTARA,812730,ORANG,2014
67,INDONESIA,32,JAWA BARAT,3208,KABUPATEN KUNINGAN,-6.976572260941974,108.49345822601352,MANCANEGARA,116,ORANG,2015
121,INDONESIA,32,JAWA BARAT,3208,KABUPATEN KUNINGAN,-6.976572260941974,108.49345822601352,MANCANEGARA,116,ORANG,2016
122,INDONESIA,32,JAWA BARAT,3208,KABUPATEN KUNINGAN,-6.976572260941974,108.49345822601352,NUSANTARA,1189102,ORANG,2016
15,INDONESIA,32,JAWA BARAT,3208,KABUPATEN KUNINGAN,-6.976572260941974,108.49345822601352,MANCANEGARA,49,ORANG,2014
68,INDONESIA,32,JAWA BARAT,3208,KABUPATEN KUNINGAN,-6.976572260941974,108.49345822601352,NUSANTARA,1189102,ORANG,2015
179,INDONESIA,32,JAWA BARAT,3210,KABUPATEN MAJALENGKA,-6.822806999999975,108.223572,MANCANEGARA,0,ORANG,2017
72,INDONESIA,32,JAWA BARAT,3210,KABUPATEN MAJALENGKA,-6.822806999999975,108.223572,NUSANTARA,71353,ORANG,2015
261,INDONESIA,32,JAWA BARAT,3210,KABUPATEN MAJALENGKA,-6.822806999999975,108.223572,NUSANTARA,699787,ORANG,2019
126,INDONESIA,32,JAWA BARAT,3210,KABUPATEN MAJALENGKA,-6.822806999999975,108.223572,NUSANTARA,443001,ORANG,2016
125,INDONESIA,32,JAWA BARAT,3210,KABUPATEN MAJALENGKA,-6.822806999999975,108.223572,MANCANEGARA,1500,ORANG,2016
260,INDONESIA,32,JAWA BARAT,3210,KABUPATEN MAJALENGKA,-6.822806999999975,108.223572,MANCANEGARA,1548,ORANG,2019
314,INDONESIA,32,JAWA BARAT,3210,KABUPATEN MAJALENGKA,-6.822806999999975,108.223572,MANCANEGARA,0,ORANG,2020
180,INDONESIA,32,JAWA BARAT,3210,KABUPATEN MAJALENGKA,-6.822806999999975,108.223572,NUSANTARA,200226,ORANG,2017
20,INDONESIA,32,JAWA BARAT,3210,KABUPATEN MAJALENGKA,-6.822806999999975,108.223572,NUSANTARA,135560,ORANG,2014
224,INDONESIA,32,JAWA BARAT,3210,KABUPATEN MAJALENGKA,-6.822806999999975,108.223572,NUSANTARA,230591,ORANG,2018
315,INDONESIA,32,JAWA BARAT,3210,KABUPATEN MAJALENGKA,-6.822806999999975,108.223572,NUSANTARA,375000,ORANG,2020
71,INDONESIA,32,JAWA BARAT,3210,KABUPATEN MAJALENGKA,-6.822806999999975,108.223572,MANCANEGARA,0,ORANG,2015
19,INDONESIA,32,JAWA BARAT,3210,KABUPATEN MAJALENGKA,-6.822806999999975,108.223572,MANCANEGARA,10,ORANG,2014
87,INDONESIA,32,JAWA BARAT,3218,KABUPATEN PANGANDARAN,-7.683205171051866,108.64896997454838,MANCANEGARA,0,ORANG,2015
331,INDONESIA,32,JAWA BARAT,3218,KABUPATEN PANGANDARAN,-7.683205171051866,108.64896997454838,NUSANTARA,3939992,ORANG,2020
330,INDONESIA,32,JAWA BARAT,3218,KABUPATEN PANGANDARAN,-7.683205171051866,108.64896997454838,MANCANEGARA,514,ORANG,2020
141,INDONESIA,32,JAWA BARAT,3218,KABUPATEN PANGANDARAN,-7.683205171051866,108.64896997454838,MANCANEGARA,10344,ORANG,2016
142,INDONESIA,32,JAWA BARAT,3218,KABUPATEN PANGANDARAN,-7.683205171051866,108.64896997454838,NUSANTARA,1824367,ORANG,2016
195,INDONESIA,32,JAWA BARAT,3218,KABUPATEN PANGANDARAN,-7.683205171051866,108.64896997454838,MANCANEGARA,8689,ORANG,2017
196,INDONESIA,32,JAWA BARAT,3218,KABUPATEN PANGANDARAN,-7.683205171051866,108.64896997454838,NUSANTARA,2528273,ORANG,2017
232,INDONESIA,32,JAWA BARAT,3218,KABUPATEN PANGANDARAN,-7.683205171051866,108.64896997454838,NUSANTARA,3571,ORANG,2018
276,INDONESIA,32,JAWA BARAT,3218,KABUPATEN PANGANDARAN,-7.683205171051866,108.64896997454838,MANCANEGARA,12233,ORANG,2019
277,INDONESIA,32,JAWA BARAT,3218,KABUPATEN PANGANDARAN,-7.683205171051866,108.64896997454838,NUSANTARA,3215063,ORANG,2019
88,INDONESIA,32,JAWA BARAT,3218,KABUPATEN PANGANDARAN,-7.683205171051866,108.64896997454838,NUSANTARA,0,ORANG,2015
134,INDONESIA,32,JAWA BARAT,3214,KABUPATEN PURWAKARTA,-6.55888499999998,107.44972199999998,NUSANTARA,1957194,ORANG,2016
79,INDONESIA,32,JAWA BARAT,3214,KABUPATEN PURWAKARTA,-6.55888499999998,107.44972199999998,MANCANEGARA,973,ORANG,2015
80,INDONESIA,32,JAWA BARAT,3214,KABUPATEN PURWAKARTA,-6.55888499999998,107.44972199999998,NUSANTARA,996268,ORANG,2015
228,INDONESIA,32,JAWA BARAT,3214,KABUPATEN PURWAKARTA,-6.55888499999998,107.44972199999998,NUSANTARA,5755896,ORANG,2018
133,INDONESIA,32,JAWA BARAT,3214,KABUPATEN PURWAKARTA,-6.55888499999998,107.44972199999998,MANCANEGARA,2782,ORANG,2016
188,INDONESIA,32,JAWA BARAT,3214,KABUPATEN PURWAKARTA,-6.55888499999998,107.44972199999998,NUSANTARA,5436456,ORANG,2017
323,INDONESIA,32,JAWA BARAT,3214,KABUPATEN PURWAKARTA,-6.55888499999998,107.44972199999998,NUSANTARA,845333,ORANG,2020
322,INDONESIA,32,JAWA BARAT,3214,KABUPATEN PURWAKARTA,-6.55888499999998,107.44972199999998,MANCANEGARA,154,ORANG,2020
268,INDONESIA,32,JAWA BARAT,3214,KABUPATEN PURWAKARTA,-6.55888499999998,107.44972199999998,MANCANEGARA,713,ORANG,2019
269,INDONESIA,32,JAWA BARAT,3214,KABUPATEN PURWAKARTA,-6.55888499999998,107.44972199999998,NUSANTARA,2080581,ORANG,2019
28,INDONESIA,32,JAWA BARAT,3214,KABUPATEN PURWAKARTA,-6.55888499999998,107.44972199999998,NUSANTARA,156937,ORANG,2014
27,INDONESIA,32,JAWA BARAT,3214,KABUPATEN PURWAKARTA,-6.55888499999998,107.44972199999998,MANCANEGARA,56,ORANG,2014
187,INDONESIA,32,JAWA BARAT,3214,KABUPATEN PURWAKARTA,-6.55888499999998,107.44972199999998,MANCANEGARA,435342,ORANG,2017
321,INDONESIA,32,JAWA BARAT,3213,KABUPATEN SUBANG,-6.560931999999996,107.75390599999997,NUSANTARA,310977,ORANG,2020
320,INDONESIA,32,JAWA BARAT,3213,KABUPATEN SUBANG,-6.560931999999996,107.75390599999997,MANCANEGARA,1086,ORANG,2020
26,INDONESIA,32,JAWA BARAT,3213,KABUPATEN SUBANG,-6.560931999999996,107.75390599999997,NUSANTARA,3227988,ORANG,2014
25,INDONESIA,32,JAWA BARAT,3213,KABUPATEN SUBANG,-6.560931999999996,107.75390599999997,MANCANEGARA,170274,ORANG,2014
267,INDONESIA,32,JAWA BARAT,3213,KABUPATEN SUBANG,-6.560931999999996,107.75390599999997,NUSANTARA,1080895,ORANG,2019
78,INDONESIA,32,JAWA BARAT,3213,KABUPATEN SUBANG,-6.560931999999996,107.75390599999997,NUSANTARA,3227988,ORANG,2015
227,INDONESIA,32,JAWA BARAT,3213,KABUPATEN SUBANG,-6.560931999999996,107.75390599999997,NUSANTARA,3801603,ORANG,2018
266,INDONESIA,32,JAWA BARAT,3213,KABUPATEN SUBANG,-6.560931999999996,107.75390599999997,MANCANEGARA,0,ORANG,2019
77,INDONESIA,32,JAWA BARAT,3213,KABUPATEN SUBANG,-6.560931999999996,107.75390599999997,MANCANEGARA,170274,ORANG,2015
186,INDONESIA,32,JAWA BARAT,3213,KABUPATEN SUBANG,-6.560931999999996,107.75390599999997,NUSANTARA,176254,ORANG,2017
132,INDONESIA,32,JAWA BARAT,3213,KABUPATEN SUBANG,-6.560931999999996,107.75390599999997,NUSANTARA,3477300,ORANG,2016
131,INDONESIA,32,JAWA BARAT,3213,KABUPATEN SUBANG,-6.560931999999996,107.75390599999997,MANCANEGARA,748972,ORANG,2016
185,INDONESIA,32,JAWA BARAT,3213,KABUPATEN SUBANG,-6.560931999999996,107.75390599999997,MANCANEGARA,4621,ORANG,2017
163,INDONESIA,32,JAWA BARAT,3202,KABUPATEN SUKABUMI,-6.926426999999995,106.836548,MANCANEGARA,14008,ORANG,2017
164,INDONESIA,32,JAWA BARAT,3202,KABUPATEN SUKABUMI,-6.926426999999995,106.836548,NUSANTARA,2167288,ORANG,2017
55,INDONESIA,32,JAWA BARAT,3202,KABUPATEN SUKABUMI,-6.926426999999995,106.836548,MANCANEGARA,49985,ORANG,2015
245,INDONESIA,32,JAWA BARAT,3202,KABUPATEN SUKABUMI,-6.926426999999995,106.836548,NUSANTARA,153733,ORANG,2019
216,INDONESIA,32,JAWA BARAT,3202,KABUPATEN SUKABUMI,-6.926426999999995,106.836548,NUSANTARA,2172706,ORANG,2018
56,INDONESIA,32,JAWA BARAT,3202,KABUPATEN SUKABUMI,-6.926426999999995,106.836548,NUSANTARA,2031979,ORANG,2015
109,INDONESIA,32,JAWA BARAT,3202,KABUPATEN SUKABUMI,-6.926426999999995,106.836548,MANCANEGARA,49985,ORANG,2016
110,INDONESIA,32,JAWA BARAT,3202,KABUPATEN SUKABUMI,-6.926426999999995,106.836548,NUSANTARA,2031979,ORANG,2016
299,INDONESIA,32,JAWA BARAT,3202,KABUPATEN SUKABUMI,-6.926426999999995,106.836548,NUSANTARA,738782,ORANG,2020
298,INDONESIA,32,JAWA BARAT,3202,KABUPATEN SUKABUMI,-6.926426999999995,106.836548,MANCANEGARA,586,ORANG,2020
4,INDONESIA,32,JAWA BARAT,3202,KABUPATEN SUKABUMI,-6.926426999999995,106.836548,NUSANTARA,2031979,ORANG,2014
3,INDONESIA,32,JAWA BARAT,3202,KABUPATEN SUKABUMI,-6.926426999999995,106.836548,MANCANEGARA,49985,ORANG,2014
244,INDONESIA,32,JAWA BARAT,3202,KABUPATEN SUKABUMI,-6.926426999999995,106.836548,MANCANEGARA,10500,ORANG,2019
263,INDONESIA,32,JAWA BARAT,3211,KABUPATEN SUMEDANG,-6.856212999999993,107.92419399999997,NUSANTARA,175945,ORANG,2019
262,INDONESIA,32,JAWA BARAT,3211,KABUPATEN SUMEDANG,-6.856212999999993,107.92419399999997,MANCANEGARA,0,ORANG,2019
181,INDONESIA,32,JAWA BARAT,3211,KABUPATEN SUMEDANG,-6.856212999999993,107.92419399999997,MANCANEGARA,352,ORANG,2017
182,INDONESIA,32,JAWA BARAT,3211,KABUPATEN SUMEDANG,-6.856212999999993,107.92419399999997,NUSANTARA,427132,ORANG,2017
128,INDONESIA,32,JAWA BARAT,3211,KABUPATEN SUMEDANG,-6.856212999999993,107.92419399999997,NUSANTARA,992315,ORANG,2016
22,INDONESIA,32,JAWA BARAT,3211,KABUPATEN SUMEDANG,-6.856212999999993,107.92419399999997,NUSANTARA,512722,ORANG,2014
127,INDONESIA,32,JAWA BARAT,3211,KABUPATEN SUMEDANG,-6.856212999999993,107.92419399999997,MANCANEGARA,18637,ORANG,2016
317,INDONESIA,32,JAWA BARAT,3211,KABUPATEN SUMEDANG,-6.856212999999993,107.92419399999997,NUSANTARA,248080,ORANG,2020
225,INDONESIA,32,JAWA BARAT,3211,KABUPATEN SUMEDANG,-6.856212999999993,107.92419399999997,NUSANTARA,428200,ORANG,2018
21,INDONESIA,32,JAWA BARAT,3211,KABUPATEN SUMEDANG,-6.856212999999993,107.92419399999997,MANCANEGARA,9858,ORANG,2014
316,INDONESIA,32,JAWA BARAT,3211,KABUPATEN SUMEDANG,-6.856212999999993,107.92419399999997,MANCANEGARA,9,ORANG,2020
73,INDONESIA,32,JAWA BARAT,3211,KABUPATEN SUMEDANG,-6.856212999999993,107.92419399999997,MANCANEGARA,9884,ORANG,2015
74,INDONESIA,32,JAWA BARAT,3211,KABUPATEN SUMEDANG,-6.856212999999993,107.92419399999997,NUSANTARA,503212,ORANG,2015
171,INDONESIA,32,JAWA BARAT,3206,KABUPATEN TASIKMALAYA,-7.2889139999999975,108.20159900000002,MANCANEGARA,703,ORANG,2017
172,INDONESIA,32,JAWA BARAT,3206,KABUPATEN TASIKMALAYA,-7.2889139999999975,108.20159900000002,NUSANTARA,325507,ORANG,2017
64,INDONESIA,32,JAWA BARAT,3206,KABUPATEN TASIKMALAYA,-7.2889139999999975,108.20159900000002,NUSANTARA,1470613,ORANG,2015
252,INDONESIA,32,JAWA BARAT,3206,KABUPATEN TASIKMALAYA,-7.2889139999999975,108.20159900000002,MANCANEGARA,3075,ORANG,2019
253,INDONESIA,32,JAWA BARAT,3206,KABUPATEN TASIKMALAYA,-7.2889139999999975,108.20159900000002,NUSANTARA,1446239,ORANG,2019
63,INDONESIA,32,JAWA BARAT,3206,KABUPATEN TASIKMALAYA,-7.2889139999999975,108.20159900000002,MANCANEGARA,7638,ORANG,2015
220,INDONESIA,32,JAWA BARAT,3206,KABUPATEN TASIKMALAYA,-7.2889139999999975,108.20159900000002,NUSANTARA,1418679,ORANG,2018
118,INDONESIA,32,JAWA BARAT,3206,KABUPATEN TASIKMALAYA,-7.2889139999999975,108.20159900000002,NUSANTARA,505570,ORANG,2016
12,INDONESIA,32,JAWA BARAT,3206,KABUPATEN TASIKMALAYA,-7.2889139999999975,108.20159900000002,NUSANTARA,728209,ORANG,2014
307,INDONESIA,32,JAWA BARAT,3206,KABUPATEN TASIKMALAYA,-7.2889139999999975,108.20159900000002,NUSANTARA,658170,ORANG,2020
11,INDONESIA,32,JAWA BARAT,3206,KABUPATEN TASIKMALAYA,-7.2889139999999975,108.20159900000002,MANCANEGARA,3457,ORANG,2014
306,INDONESIA,32,JAWA BARAT,3206,KABUPATEN TASIKMALAYA,-7.2889139999999975,108.20159900000002,MANCANEGARA,134,ORANG,2020
117,INDONESIA,32,JAWA BARAT,3206,KABUPATEN TASIKMALAYA,-7.2889139999999975,108.20159900000002,MANCANEGARA,1362,ORANG,2016
337,INDONESIA,32,JAWA BARAT,3273,KOTA BANDUNG,-6.942785999999987,107.586365,NUSANTARA,2431290,ORANG,2020
201,INDONESIA,32,JAWA BARAT,3273,KOTA BANDUNG,-6.942785999999987,107.586365,MANCANEGARA,432271,ORANG,2017
202,INDONESIA,32,JAWA BARAT,3273,KOTA BANDUNG,-6.942785999999987,107.586365,NUSANTARA,1431290,ORANG,2017
147,INDONESIA,32,JAWA BARAT,3273,KOTA BANDUNG,-6.942785999999987,107.586365,MANCANEGARA,432271,ORANG,2016
148,INDONESIA,32,JAWA BARAT,3273,KOTA BANDUNG,-6.942785999999987,107.586365,NUSANTARA,1431290,ORANG,2016
336,INDONESIA,32,JAWA BARAT,3273,KOTA BANDUNG,-6.942785999999987,107.586365,MANCANEGARA,0,ORANG,2020
282,INDONESIA,32,JAWA BARAT,3273,KOTA BANDUNG,-6.942785999999987,107.586365,MANCANEGARA,0,ORANG,2019
39,INDONESIA,32,JAWA BARAT,3273,KOTA BANDUNG,-6.942785999999987,107.586365,MANCANEGARA,30178,ORANG,2014
40,INDONESIA,32,JAWA BARAT,3273,KOTA BANDUNG,-6.942785999999987,107.586365,NUSANTARA,1431290,ORANG,2014
94,INDONESIA,32,JAWA BARAT,3273,KOTA BANDUNG,-6.942785999999987,107.586365,NUSANTARA,1431290,ORANG,2015
235,INDONESIA,32,JAWA BARAT,3273,KOTA BANDUNG,-6.942785999999987,107.586365,NUSANTARA,2431290,ORANG,2018
93,INDONESIA,32,JAWA BARAT,3273,KOTA BANDUNG,-6.942785999999987,107.586365,MANCANEGARA,30178,ORANG,2015
283,INDONESIA,32,JAWA BARAT,3273,KOTA BANDUNG,-6.942785999999987,107.586365,NUSANTARA,2442250,ORANG,2019
295,INDONESIA,32,JAWA BARAT,3279,KOTA BANJAR,-7.365190999999991,108.544235,NUSANTARA,107228,ORANG,2019
52,INDONESIA,32,JAWA BARAT,3279,KOTA BANJAR,-7.365190999999991,108.544235,NUSANTARA,6166,ORANG,2014
51,INDONESIA,32,JAWA BARAT,3279,KOTA BANJAR,-7.365190999999991,108.544235,MANCANEGARA,0,ORANG,2014
294,INDONESIA,32,JAWA BARAT,3279,KOTA BANJAR,-7.365190999999991,108.544235,MANCANEGARA,32,ORANG,2019
160,INDONESIA,32,JAWA BARAT,3279,KOTA BANJAR,-7.365190999999991,108.544235,NUSANTARA,50453,ORANG,2016
159,INDONESIA,32,JAWA BARAT,3279,KOTA BANJAR,-7.365190999999991,108.544235,MANCANEGARA,0,ORANG,2016
349,INDONESIA,32,JAWA BARAT,3279,KOTA BANJAR,-7.365190999999991,108.544235,NUSANTARA,9832,ORANG,2020
105,INDONESIA,32,JAWA BARAT,3279,KOTA BANJAR,-7.365190999999991,108.544235,MANCANEGARA,0,ORANG,2015
106,INDONESIA,32,JAWA BARAT,3279,KOTA BANJAR,-7.365190999999991,108.544235,NUSANTARA,4364,ORANG,2015
348,INDONESIA,32,JAWA BARAT,3279,KOTA BANJAR,-7.365190999999991,108.544235,MANCANEGARA,0,ORANG,2020
213,INDONESIA,32,JAWA BARAT,3279,KOTA BANJAR,-7.365190999999991,108.544235,MANCANEGARA,0,ORANG,2017
214,INDONESIA,32,JAWA BARAT,3279,KOTA BANJAR,-7.365190999999991,108.544235,NUSANTARA,35137,ORANG,2017
241,INDONESIA,32,JAWA BARAT,3279,KOTA BANJAR,-7.365190999999991,108.544235,NUSANTARA,35225,ORANG,2018
151,INDONESIA,32,JAWA BARAT,3275,KOTA BEKASI,-6.244315999999986,107.00134300000002,MANCANEGARA,0,ORANG,2016
287,INDONESIA,32,JAWA BARAT,3275,KOTA BEKASI,-6.244315999999986,107.00134300000002,NUSANTARA,0,ORANG,2019
205,INDONESIA,32,JAWA BARAT,3275,KOTA BEKASI,-6.244315999999986,107.00134300000002,MANCANEGARA,0,ORANG,2017
206,INDONESIA,32,JAWA BARAT,3275,KOTA BEKASI,-6.244315999999986,107.00134300000002,NUSANTARA,0,ORANG,2017
286,INDONESIA,32,JAWA BARAT,3275,KOTA BEKASI,-6.244315999999986,107.00134300000002,MANCANEGARA,15,ORANG,2019
341,INDONESIA,32,JAWA BARAT,3275,KOTA BEKASI,-6.244315999999986,107.00134300000002,NUSANTARA,42065,ORANG,2020
340,INDONESIA,32,JAWA BARAT,3275,KOTA BEKASI,-6.244315999999986,107.00134300000002,MANCANEGARA,15,ORANG,2020
97,INDONESIA,32,JAWA BARAT,3275,KOTA BEKASI,-6.244315999999986,107.00134300000002,MANCANEGARA,0,ORANG,2015
44,INDONESIA,32,JAWA BARAT,3275,KOTA BEKASI,-6.244315999999986,107.00134300000002,NUSANTARA,0,ORANG,2014
152,INDONESIA,32,JAWA BARAT,3275,KOTA BEKASI,-6.244315999999986,107.00134300000002,NUSANTARA,0,ORANG,2016
237,INDONESIA,32,JAWA BARAT,3275,KOTA BEKASI,-6.244315999999986,107.00134300000002,NUSANTARA,0,ORANG,2018
98,INDONESIA,32,JAWA BARAT,3275,KOTA BEKASI,-6.244315999999986,107.00134300000002,NUSANTARA,0,ORANG,2015
43,INDONESIA,32,JAWA BARAT,3275,KOTA BEKASI,-6.244315999999986,107.00134300000002,MANCANEGARA,0,ORANG,2014
35,INDONESIA,32,JAWA BARAT,3271,KOTA BOGOR,-6.599130999999995,106.79260300000003,MANCANEGARA,104075,ORANG,2014
278,INDONESIA,32,JAWA BARAT,3271,KOTA BOGOR,-6.599130999999995,106.79260300000003,MANCANEGARA,207363,ORANG,2019
90,INDONESIA,32,JAWA BARAT,3271,KOTA BOGOR,-6.599130999999995,106.79260300000003,NUSANTARA,5293040,ORANG,2015
279,INDONESIA,32,JAWA BARAT,3271,KOTA BOGOR,-6.599130999999995,106.79260300000003,NUSANTARA,3749069,ORANG,2019
144,INDONESIA,32,JAWA BARAT,3271,KOTA BOGOR,-6.599130999999995,106.79260300000003,NUSANTARA,5293040,ORANG,2016
36,INDONESIA,32,JAWA BARAT,3271,KOTA BOGOR,-6.599130999999995,106.79260300000003,NUSANTARA,5293040,ORANG,2014
198,INDONESIA,32,JAWA BARAT,3271,KOTA BOGOR,-6.599130999999995,106.79260300000003,NUSANTARA,5875274,ORANG,2017
233,INDONESIA,32,JAWA BARAT,3271,KOTA BOGOR,-6.599130999999995,106.79260300000003,NUSANTARA,6340,ORANG,2018
89,INDONESIA,32,JAWA BARAT,3271,KOTA BOGOR,-6.599130999999995,106.79260300000003,MANCANEGARA,104075,ORANG,2015
332,INDONESIA,32,JAWA BARAT,3271,KOTA BOGOR,-6.599130999999995,106.79260300000003,MANCANEGARA,34400,ORANG,2020
143,INDONESIA,32,JAWA BARAT,3271,KOTA BOGOR,-6.599130999999995,106.79260300000003,MANCANEGARA,13217,ORANG,2016
197,INDONESIA,32,JAWA BARAT,3271,KOTA BOGOR,-6.599130999999995,106.79260300000003,MANCANEGARA,14670,ORANG,2017
333,INDONESIA,32,JAWA BARAT,3271,KOTA BOGOR,-6.599130999999995,106.79260300000003,NUSANTARA,1249690,ORANG,2020
210,INDONESIA,32,JAWA BARAT,3277,KOTA CIMAHI,-6.8787100000000185,107.55203200000001,NUSANTARA,1372,ORANG,2017
345,INDONESIA,32,JAWA BARAT,3277,KOTA CIMAHI,-6.8787100000000185,107.55203200000001,NUSANTARA,48148,ORANG,2020
156,INDONESIA,32,JAWA BARAT,3277,KOTA CIMAHI,-6.8787100000000185,107.55203200000001,NUSANTARA,1968,ORANG,2016
155,INDONESIA,32,JAWA BARAT,3277,KOTA CIMAHI,-6.8787100000000185,107.55203200000001,MANCANEGARA,339,ORANG,2016
239,INDONESIA,32,JAWA BARAT,3277,KOTA CIMAHI,-6.8787100000000185,107.55203200000001,NUSANTARA,12224,ORANG,2018
209,INDONESIA,32,JAWA BARAT,3277,KOTA CIMAHI,-6.8787100000000185,107.55203200000001,MANCANEGARA,351,ORANG,2017
290,INDONESIA,32,JAWA BARAT,3277,KOTA CIMAHI,-6.8787100000000185,107.55203200000001,MANCANEGARA,415,ORANG,2019
344,INDONESIA,32,JAWA BARAT,3277,KOTA CIMAHI,-6.8787100000000185,107.55203200000001,MANCANEGARA,29,ORANG,2020
102,INDONESIA,32,JAWA BARAT,3277,KOTA CIMAHI,-6.8787100000000185,107.55203200000001,NUSANTARA,1195,ORANG,2015
101,INDONESIA,32,JAWA BARAT,3277,KOTA CIMAHI,-6.8787100000000185,107.55203200000001,MANCANEGARA,565,ORANG,2015
48,INDONESIA,32,JAWA BARAT,3277,KOTA CIMAHI,-6.8787100000000185,107.55203200000001,NUSANTARA,0,ORANG,2014
291,INDONESIA,32,JAWA BARAT,3277,KOTA CIMAHI,-6.8787100000000185,107.55203200000001,NUSANTARA,15460,ORANG,2019
47,INDONESIA,32,JAWA BARAT,3277,KOTA CIMAHI,-6.8787100000000185,107.55203200000001,MANCANEGARA,0,ORANG,2014
203,INDONESIA,32,JAWA BARAT,3274,KOTA CIREBON,-6.719846999999982,108.567581,MANCANEGARA,1494,ORANG,2017
204,INDONESIA,32,JAWA BARAT,3274,KOTA CIREBON,-6.719846999999982,108.567581,NUSANTARA,1422458,ORANG,2017
150,INDONESIA,32,JAWA BARAT,3274,KOTA CIREBON,-6.719846999999982,108.567581,NUSANTARA,1354722,ORANG,2016
96,INDONESIA,32,JAWA BARAT,3274,KOTA CIREBON,-6.719846999999982,108.567581,NUSANTARA,1354722,ORANG,2015
149,INDONESIA,32,JAWA BARAT,3274,KOTA CIREBON,-6.719846999999982,108.567581,MANCANEGARA,1423,ORANG,2016
95,INDONESIA,32,JAWA BARAT,3274,KOTA CIREBON,-6.719846999999982,108.567581,MANCANEGARA,1050,ORANG,2015
338,INDONESIA,32,JAWA BARAT,3274,KOTA CIREBON,-6.719846999999982,108.567581,MANCANEGARA,161,ORANG,2020
339,INDONESIA,32,JAWA BARAT,3274,KOTA CIREBON,-6.719846999999982,108.567581,NUSANTARA,326168,ORANG,2020
41,INDONESIA,32,JAWA BARAT,3274,KOTA CIREBON,-6.719846999999982,108.567581,MANCANEGARA,1050,ORANG,2014
42,INDONESIA,32,JAWA BARAT,3274,KOTA CIREBON,-6.719846999999982,108.567581,NUSANTARA,1354722,ORANG,2014
236,INDONESIA,32,JAWA BARAT,3274,KOTA CIREBON,-6.719846999999982,108.567581,NUSANTARA,1256644,ORANG,2018
284,INDONESIA,32,JAWA BARAT,3274,KOTA CIREBON,-6.719846999999982,108.567581,MANCANEGARA,1025,ORANG,2019
285,INDONESIA,32,JAWA BARAT,3274,KOTA CIREBON,-6.719846999999982,108.567581,NUSANTARA,996345,ORANG,2019
100,INDONESIA,32,JAWA BARAT,3276,KOTA DEPOK,-6.3890009999999915,106.806335,NUSANTARA,1864273,ORANG,2015
342,INDONESIA,32,JAWA BARAT,3276,KOTA DEPOK,-6.3890009999999915,106.806335,MANCANEGARA,55,ORANG,2020
46,INDONESIA,32,JAWA BARAT,3276,KOTA DEPOK,-6.3890009999999915,106.806335,NUSANTARA,1864273,ORANG,2014
288,INDONESIA,32,JAWA BARAT,3276,KOTA DEPOK,-6.3890009999999915,106.806335,MANCANEGARA,676,ORANG,2019
289,INDONESIA,32,JAWA BARAT,3276,KOTA DEPOK,-6.3890009999999915,106.806335,NUSANTARA,599,ORANG,2019
238,INDONESIA,32,JAWA BARAT,3276,KOTA DEPOK,-6.3890009999999915,106.806335,NUSANTARA,32112,ORANG,2018
207,INDONESIA,32,JAWA BARAT,3276,KOTA DEPOK,-6.3890009999999915,106.806335,MANCANEGARA,0,ORANG,2017
208,INDONESIA,32,JAWA BARAT,3276,KOTA DEPOK,-6.3890009999999915,106.806335,NUSANTARA,32000,ORANG,2017
153,INDONESIA,32,JAWA BARAT,3276,KOTA DEPOK,-6.3890009999999915,106.806335,MANCANEGARA,7812,ORANG,2016
154,INDONESIA,32,JAWA BARAT,3276,KOTA DEPOK,-6.3890009999999915,106.806335,NUSANTARA,1864273,ORANG,2016
99,INDONESIA,32,JAWA BARAT,3276,KOTA DEPOK,-6.3890009999999915,106.806335,MANCANEGARA,7812,ORANG,2015
343,INDONESIA,32,JAWA BARAT,3276,KOTA DEPOK,-6.3890009999999915,106.806335,NUSANTARA,215411,ORANG,2020
45,INDONESIA,32,JAWA BARAT,3276,KOTA DEPOK,-6.3890009999999915,106.806335,MANCANEGARA,7812,ORANG,2014
335,INDONESIA,32,JAWA BARAT,3272,KOTA SUKABUMI,-6.920974000000011,106.92993200000001,NUSANTARA,107386,ORANG,2020
334,INDONESIA,32,JAWA BARAT,3272,KOTA SUKABUMI,-6.920974000000011,106.92993200000001,MANCANEGARA,100,ORANG,2020
234,INDONESIA,32,JAWA BARAT,3272,KOTA SUKABUMI,-6.920974000000011,106.92993200000001,NUSANTARA,116039,ORANG,2018
280,INDONESIA,32,JAWA BARAT,3272,KOTA SUKABUMI,-6.920974000000011,106.92993200000001,MANCANEGARA,0,ORANG,2019
200,INDONESIA,32,JAWA BARAT,3272,KOTA SUKABUMI,-6.920974000000011,106.92993200000001,NUSANTARA,115750,ORANG,2017
145,INDONESIA,32,JAWA BARAT,3272,KOTA SUKABUMI,-6.920974000000011,106.92993200000001,MANCANEGARA,3266,ORANG,2016
146,INDONESIA,32,JAWA BARAT,3272,KOTA SUKABUMI,-6.920974000000011,106.92993200000001,NUSANTARA,82316,ORANG,2016
37,INDONESIA,32,JAWA BARAT,3272,KOTA SUKABUMI,-6.920974000000011,106.92993200000001,MANCANEGARA,270,ORANG,2014
281,INDONESIA,32,JAWA BARAT,3272,KOTA SUKABUMI,-6.920974000000011,106.92993200000001,NUSANTARA,0,ORANG,2019
91,INDONESIA,32,JAWA BARAT,3272,KOTA SUKABUMI,-6.920974000000011,106.92993200000001,MANCANEGARA,3266,ORANG,2015
92,INDONESIA,32,JAWA BARAT,3272,KOTA SUKABUMI,-6.920974000000011,106.92993200000001,NUSANTARA,82316,ORANG,2015
199,INDONESIA,32,JAWA BARAT,3272,KOTA SUKABUMI,-6.920974000000011,106.92993200000001,MANCANEGARA,3566,ORANG,2017
38,INDONESIA,32,JAWA BARAT,3272,KOTA SUKABUMI,-6.920974000000011,106.92993200000001,NUSANTARA,118428,ORANG,2014
346,INDONESIA,32,JAWA BARAT,3278,KOTA TASIKMALAYA,-7.351571000000017,108.242798,MANCANEGARA,15,ORANG,2020
347,INDONESIA,32,JAWA BARAT,3278,KOTA TASIKMALAYA,-7.351571000000017,108.242798,NUSANTARA,32860,ORANG,2020
211,INDONESIA,32,JAWA BARAT,3278,KOTA TASIKMALAYA,-7.351571000000017,108.242798,MANCANEGARA,25,ORANG,2017
293,INDONESIA,32,JAWA BARAT,3278,KOTA TASIKMALAYA,-7.351571000000017,108.242798,NUSANTARA,695656,ORANG,2019
292,INDONESIA,32,JAWA BARAT,3278,KOTA TASIKMALAYA,-7.351571000000017,108.242798,MANCANEGARA,22,ORANG,2019
157,INDONESIA,32,JAWA BARAT,3278,KOTA TASIKMALAYA,-7.351571000000017,108.242798,MANCANEGARA,25,ORANG,2016
158,INDONESIA,32,JAWA BARAT,3278,KOTA TASIKMALAYA,-7.351571000000017,108.242798,NUSANTARA,302908,ORANG,2016
103,INDONESIA,32,JAWA BARAT,3278,KOTA TASIKMALAYA,-7.351571000000017,108.242798,MANCANEGARA,25,ORANG,2015
49,INDONESIA,32,JAWA BARAT,3278,KOTA TASIKMALAYA,-7.351571000000017,108.242798,MANCANEGARA,267044,ORANG,2014
50,INDONESIA,32,JAWA BARAT,3278,KOTA TASIKMALAYA,-7.351571000000017,108.242798,NUSANTARA,21921,ORANG,2014
104,INDONESIA,32,JAWA BARAT,3278,KOTA TASIKMALAYA,-7.351571000000017,108.242798,NUSANTARA,267062,ORANG,2015
212,INDONESIA,32,JAWA BARAT,3278,KOTA TASIKMALAYA,-7.351571000000017,108.242798,NUSANTARA,359174,ORANG,2017
240,INDONESIA,32,JAWA BARAT,3278,KOTA TASIKMALAYA,-7.351571000000017,108.242798,NUSANTARA,82329,ORANG,2018
